,0
0,Shane Van Boening
1,Konrad Juszczyszyn
2,Eklent Kaci
3,Ruslan Chinakhov
4,Mateusz Sniegocki
5,Ivar Saris
6,Alex Kazakis
7,David Alcaide
8,Jayson Shaw
9,Pijus Labutis
10,Niels Feijen
11,Petri Makkonen
12,Francisco Sanchez Ruiz
13,Dennis Orcollo
14,Ralf Souquet
15,Darren Appleton
16,Denis Grabe
17,Joshua Filler
18,Alex Pagulayan
19,Albin Ouschan
20,Mark Gray
21,Ko Pin Yi
22,Roman Hybler
23,Thorsten Hohmann
24,Mario He
25,Damianos Giallourakis
26,Mika Immonen
27,Casper Maitkainen
28,Thomas Kaplan
29,Carlo Biado
30,Francisco Diaz-Pizarro
31,John Morra
32,Nikos Ekonomopoulos
33,Fedor Gorst
34,Chris Melling
35,Nick Malai
36,Imran Majid
37,Liu Haitao
38,Wojciech Szewczyk
39,Jeffrey de Luna
40,Ko Ping-Chung
41,Jeffrey Ignacio
42,Lee Vann Corteza
43,Naoyuki Oi
44,Mieszko Fortunski
45,Konstantin Stepanov
46,Chang Jung-Lin
47,Omar al-Shaheen
48,Wu Jiaqing
49,Jakub Koniar
50,Raymund Faraon
51,Radoslaw Babica
52,Johnny Archer
53,Chang Yu-Lung
54,Francisco Bustamante
55,Johann Chua
56,Yukio Akakariyama
57,Karl Boyes
58,Fabio Rizzi
59,Rodney Morris
60,Warren Kiamco
61,Kevin Cheng
62,Corey Deuel
63,Maksim Dudanets
64,Hunter Lombardo
65,Wang Can
66,Nick van den Berg
67,Sanjin Pehlivanovic
68,Jason Klatt
69,Toru Kuribayashi
70,Dang Jin Hu
71,Aloysius Yapp
72,Waleed Majid
73,Skyler Woodward
74,Maximilian Lechner
75,Wu Kun-Lin
76,Jalal Yousef
77,Efren Reyes
78,Wiktor Zielinski
79,Antonio Gabica
80,Daryl Peach
81,Jung-Lin Chang
82,Karol Skowerski
83,Ronnie Alcano
84,Mats Schjetne
85,Oliver Ortmann
86,Edmond Zaja
87,Lo Li-Wen
88,Billy Thorpe
89,Marc Bijsterbosch
90,Casper Matikainen
91,Marco Teutscher
92,Ryu Seung-woo
93,Alex Montpellier
94,Ernesto Dominguez
95,Mauro Catriota
96,Christian Fröhlich
97,Miguel Silva
98,James Aranas
99,Sebastian Staab
100,Hayato Hijikata
101,Matt Edwards
102,Ronald Regli
103,Tyler Styer
104,Earl Strickland
105,Gabe Owen
106,Cheng-Chieh Liu
107,Tomasz Kaplan
108,Marcus Chamat
109,Dennis Hatch
110,Oscar Dominguez
111,Yang Ching Shun
112,Francisco Felicilda
113,Li He Wen
114,Konrad Piekarski
115,Kostas Koukiadakis
116,Roberto Gomez
117,Toh Lian Han
118,Che-Wei Fu
119,Max Eberle
120,Vilmos Foldes
121,Mitch Ellerman
122,Chris Alexander
123,Lefteris Georgiou
124,Duong Quoc Hoang
125,Dimitris Loukatos
126,Fabio Petroni
127,Jeong Young Hwa
128,Kai-Lun Hsu
129,Mike Dechaine
130,Shaun Wilkie
131,Lin Da-Li
132,Marlon Manalo
133,Brandon Shuff
134,Dimitri Jungo
135,Hsieh Chia-Chen
136,Mohammad-Ali Berjaoui
137,Mazen Berjawi
138,Roland Garcia
139,Israel Rota
140,Jason Theron
141,Oliver Medenilla
142,Yu Hsuan Cheng
143,Martin Daigle
144,Daniel Maciol
145,Ching-Shun Yang
146,Erik Hjorleifson
147,Tony Drago
148,Justin Bergman
149,Bashar Hussain
150,Marc Vidal
151,Bruno Muratore
152,Antonio Lining
153,Mickey Krause
154,Bader al-Awadhi
155,Chris McDaniel
156,Chu Bingjie
157,Richard Halliday
158,Abdul Latif al-Fawal
159,Kuo Po-Cheng
160,Daniele Corrieri
161,Huidji See
162,Marek Kudlik
163,Lo Ho Sum
164,Ramil Gallego
165,Amar Kang
166,Davy Piergiovanni
167,Xu Xiaocong
168,Yu-Lung Chang
169,Zoran Svilar
170,Donny Mills
171,Wojciech Sroczynski
172,Luu Minh Phuc
173,Liu Ri Teng
174,Vang Bui Xuan
175,Jani Siekkinen
176,Moritz Lauwereyns
177,Stanimir Ruslanow
178,Chung Ko Ping
179,Aleksa Pecelj
180,Bora Anar
181,Olivér Szolnoki
182,Satoshi Kawabata
183,Mariusz Skoneczny
184,Artem Koshovyi
185,Szu-Ting Kuo
186,Robbie Capito
187,Elliott Sanderson
188,Arjan Matrizi
189,Francesco Candela
190,Donny Branson
191,Salah Al Riwani
192,Massimiliano Corso
193,Han Haoxiang
194,Menelaos Lolas
195,Charlie Williams
196,Ali Maghsoud
197,Osman Sanlisoy
198,Oliver Szolnoki
199,Raj Hundal
200,Jeppe Thyde
201,Kings Santy
202,Liu Cheng Chieh
203,Mustafa Alnar
204,Blake Baker
205,Sergey Lutsker
206,Nguyễn Anh Tuấn
207,Do The Kien
208,Pepijn DeWit
209,Chris Robinson
210,Babken Melkonyan
211,Kenichi Uchigaki
212,Henrique Correia
213,Georgi Georgiev
214,Marharyta Fefilava
215,Mario Valchev
216,Ben Crawley
217,MD Almin
218,Hsu Kai Lun
219,Ri Teng Liu
220,Zhou Long
221,Tom D'alfonso
222,Nguyen Phuc Long
223,Zion Zvi
224,Attila Bezdan
225,Phuc Long Nguyen
226,Thomasz Kaplan
227,Tony Chohan
228,Jarrod Clowery
229,John Schmidt
230,Stephan Cohen
231,Andrea Milioli
232,Michael Leahy
233,Dejan Sipkovski
234,Giuseppe Iacobucci
235,Josh Roberts
236,Nelson Oliveira
237,Maung Maung
238,Jeremy Sossei
239,Muhammad Zulfikri
240,Michael Yednak
241,Daniel Baker
242,Gary Lutman
243,Jani Uski
244,Hiroshi Takenaka
245,Maxim Dudanets
246,Yip Kin Ling
247,Johannes Geihe
248,Chao Fong-Pang
249,Matt Krah
250,Lance  Salazar
251,Abdul Rahman al-Amar
252,Frankie Hernandez
253,Thomas Engert
254,Gianluca Cappella
255,Masato Yoshioka
256,Justin Campbell
257,Meshaal al-Murdhi
258,Aris Çakiris
259,Mike Hutcheson
260,Vitaliy Patsura
261,Joey Cicero
262,Jorge Rodriguez
263,Ray Robles II
264,Manuel Perez
265,Georgiou Lefteris
266,Sandor Tot
267,George Antonakis
268,Jeremy Jones
269,Abdullah al-Yousif
270,Alejandro Carvajal
271,Majid N. Alazmi
272,Abdullah Alshammari
273,Andrea Cianciaruso
274,Irsal Nasution
275,Ruben Bautista
276,Jalal Al Sarisi
277,Nico Sallmayer
278,Hamzaa Saeed Ali
279,Onur Yildirim
280,Ekonomopoulos Nick
281,Christopher Tevez
282,Christian Froehlich
283,Kakaris Antonis
284,Toni Judet
285,Joey Korsiak
286,Ricky Yang
287,Marcel Price
288,Kun-Lin Wu
289,Lee Heuwagen
290,Muhammad Simanjuntak
291,Robert Hart
292,Ivo Aarts
293,Del Sim
294,Chris Lawson
295,Omran Salem
296,Traian Marinca
297,Nikolaos Malai
298,(Ryan) Hsu Jui-An
299,Kong Dejing
300,Tim Jonkman
301,Kim Laaksonen
302,Anthony Brabin
303,Malaj Nick
304,Ivan Nunez
305,Ali al-Obaidly
306,Chatoupis Nick
307,Tom Theriault
308,Hu Dang Jin
309,Sebastian Laramee
310,Scott Higgins
311,Ovidiu Cristea
312,David Anderson
313,Nicholas De Leon
314,Chris Lulek
315,Mehmet Bakici
316,Jose Parica
317,Mehdi Rasekhi
318,Carlo Dalmatin
319,Tim DeRuyter
320,Angelo Salzano
321,Tomoo Takano
322,Francis Crevier
323,Dan Ursu
324,Lars Kuckherm
325,Rico Diks
326,Ahmad Mohamad Sllah
327,Gianmarco Tonini
328,Sean Morgan
329,Ozzy Reynolds
330,Elvis Mladinescu
331,Justin Hall
332,Gabriel Syarov
333,Tobias Bongers
334,Joven Alba
335,Kevin West
336,Cezary Jarosz
337,Antonis Vourthis
338,Jui-An Hsu
339,Anders Edvardsson
340,Bucky Souvanthong
341,Jan Rempe
342,Nicolas Charette
343,Luc Salvas
344,Dilian Tiklev
345,Christian Reimering
346,Oguzhan Curebal
347,Stephen Holem
348,Rob Sakell
349,Fawaz al-Rashedi
350,Costas Konnaris
351,Ron Casanzio
352,Mihkel Rehepap
353,Johnathan Pinegar
354,Andreas Gerwen
355,Fu Che-wei
356,Cliff Castelein
357,Jose Alberto Delgado
358,Carlos Ariel Casto
359,Dan Hewitt
360,Karabiyik Aygün
361,Matija Obradovic
362,Quinten Pongers
363,Craig Osbome
364,Max Lechner
365,Gerson Martinez
366,Sharik Aslam Sayed
367,Danny Olson
368,Spasian Spasov
369,Dean Goddard
370,Tony Antone
371,Marco Spitzky
372,Emil-Andre Gangflot
373,Enrique Rojas
374,Phill Yee
375,Cleiton Rocha
376,Niklas Dohr
377,Kyle Pepin
378,Tohru Kuribayashi
379,Rick Sleeper
380,Toru Kurabayashi
381,Vangelis Gremos
382,Ioan Ladanyi
383,Elmer Haya
384,Shawn Putnam
385,Ramazan Akdag
386,Ariel Casto
387,Ko Ping Han
388,Masaaki Tanaka
389,Micha? Muklewicz
390,Santos Sambajon
391,Da-Li Lin
392,Mohanna Obaidly
393,Chouliaras Konstantinos
394,Tom Zippler
395,Spencer Auigbelle
396,Olivier Mortier
397,Trif Alexandru Claudiu
398,Hendrik Drost
399,Kwon Hojun
400,Gîndac Ciprian Gabriel
401,Stevie Moore
402,E Saur
403,Sergiu Voicu
404,Ivaylo Simeonov
405,Sundeep Gulati
406,Lee Chenman
407,David Márquez Avila
408,Jere Virtaranta
409,Mohammed Saeed
410,Cocolin Adi
411,Harun Erbey
412,Ralph Eckert
413,Marco Dorenburg
414,Adam Mscisz
415,Manny Perez
416,Sebastian Batkowski
417,Chad Bowling
418,Mauro Castriota
419,Ahmed Tanvir
420,Miquel Silva
421,Ali Obaidly
422,Karen Corr
423,Phil Davis
424,Elvis Rodriguez
425,Kercso Zoltan
426,Bahram Lotfy
427,Richard Jones
428,Patrick Mennillo
429,Nien Rong-chih
430,Ferdi Özdemir
431,Eric Cloutier
432,Mesut Açan
433,Thanasis Arguropoulos
434,Siming Chen
435,James Adams
436,Kulcear Bela
437,Kenney Nguyen
438,M. Simanjuntak
439,Yannick Pongers
440,Ivaylo Petrov
441,Mihai Alexandru Neacsu
442,Valeriia Trushevskaia
443,Vladimir Matvienko
444,Dave Mills
445,Lin Wu Kun
446,Iacob Mihai Daniel
447,Chris Bartram
448,Adam Stankiewicz
449,Jason Merry
450,Ryo Yokawa
451,Rafael Martinez
452,Marko Lisnic
453,Patrick Fleming
454,Andreas Madsen
455,Ibrahim Bin Amir
456,Ilias Christou
457,Mark Todd
458,Zachary Bos
459,Tommy Tokoph
460,Thomas Knittel
461,Tommie Yates
462,Jason Michas
463,Ville Hamalainen
464,John Tsirimokos
465,Dominic Jentsch
466,Rich Connors
467,Samuel Santos
468,Albert Gabos
469,Aleksandar Zeljkovic
470,Piotr Ostrowski
471,Kuo Szu-Ting
472,Bogdan Bogorin
473,Luka Rasevic
474,Dragos Lucian Lucaniuc
475,Joe Auzenne
476,Hoang Duong Quoc
477,Mishel Turkey
478,Sergio Lagunas
479,Rich Fulwell
480,Jonas Souto
481,Pia Filler
482,Daniel Resch
483,Steve Lillis
484,Gerasimos Trivyzas
485,Dan Cristea
486,Nadim Okbani
487,Johan Palé
488,Mohammed Hassan
489,Bruce Nagle
490,Erol Kayas
491,Carlos Cabello
492,George Kampourlidis
493,Jannik Putsche
494,John Vitale
495,Li Si-yu
496,David Vanhauter
497,Thomas Poschl
498,Marco Kam
499,Mohd Al Bin Ali
500,Daniel Kandi
501,Jan VanLierop
502,Matey Ullah
503,Ates Bora Duru
504,Wilhelm Georg
505,So Shaw
506,Andrey Seroshtan
507,Vicenancio Tanio
508,Yousseff Jaffar
509,Kristiyan Spasov
510,Ragnar Gronsten
511,Ian Costello
512,Bashar Abdulmajeed
513,Stephen Folan
514,Abder Rehman Mebarki
515,Alexandru Dobrin
516,Daniel Konrad
517,Alain Martel
518,Ionut Ciobanu
519,Jonathan Smith
520,Matt Tetreault
521,Del Smith
522,Holden Chin
523,M Andrews
524,Brian Sanders
525,Alexandru Cotescu
526,Caroline Pao
527,Jia Li
528,Ronald Mijatovic
529,Kadir Korkmaz
530,Daniel Tångudd
531,Robby Foldvari
532,Giovanni DiMartino
533,Pedro Teixera
534,Philipp Stojanovic
535,Gary Onomura
536,Paddy Mc Loughlin
537,Evangelos Vlachos
538,Manuel Pereira
539,Bing Chen Gao
540,Jerome Rockwell
541,Vasile Cozma
542,Kurt Kobayashi
543,Serge Das
544,Jennifer Barretta
545,Phil Burford
546,Vinancio Tanio
547,Dan Afriat
548,Jan Van Lierop
549,Lee Poh Soon
550,Jasmin Ouschan
551,Nick Coppola
552,Chris Mohr
553,Goh Chin Teck
554,Ken Thompson
555,Costin Neaga
556,Ahmad Naiem
557,Elio Sammarini
558,Christoph Marien
559,Chan Keng Kwang
560,Witalij Pazura
561,Viacheslav Skvortsov
562,Ioannis Kavouras
563,Almin Dervisevic
564,Nitiwat Kanjanasri
565,Jundel Mazon
566,Bradley Shearer
567,Lenny Rakers
568,Ali Abdulhadi Almeri
569,Andrei Panghea
570,Cristi Ciucas
571,Gregg McAndrews
572,Uorsin Candrian
573,Adam Lilley
574,Simon Pickering
575,Cristian Surdea
576,Patrick Holtz
577,Andrew Kong
578,Rattapol Sassmann
579,Armen Tabakovic
580,Bogdan Nechifor
581,Thomas Charmantzis
582,Dylan Vyvey
583,Bob Lewis
584,Gerasimos Trivizas
585,Idd Gaetan Poelman
586,Jakob Belka
587,Paul Pensgen
588,Pedro Pereira
589,Jon De Met
590,Sebastian Ludwig
591,Christian Sparrenlöv
592,Tomoya Iima
593,Chu Hong-ming
594,Andrei Cristian Ionescu
595,Bare David
596,Vladimir Babic
597,Manuel Gama
598,Luca Bares
599,Tommy Najar
600,Abdulkhizar Hasanin
601,Mario Morra
602,Furkan Sahin
603,Taqi Aldin Moustafawi
604,Pordel Mohammadali
605,Ahmed Hassan
606,Hassan Zeraatgar
607,Catalin Bargaoanu
608,Paul Dryden
609,Zhu Xihe
610,Dwight Dixon
611,Amar Gjyshinca
612,Kenny Kwok
613,Ioan Claudiu Mihalache
614,Roger Miller
615,Cristian Oprea
616,Stefan Danescu
617,Marco Daniel Mucci
618,John Babravich
619,John Barton
620,Anastasiei Alin-florin
621,Zdenko Lisik
622,Stan Tourangeau
623,Radwan Jameel R Sorouji
624,Andreja Klasovic
625,Iliyan Kiryakov
626,Mike Yednak
627,Moritz Neuhausen
628,Keng Kwang Chan
629,Khalid al-Mutairi
630,Rogelio Belleca Sotero
631,Valerio Castellano
632,Athanasios Vrakas
633,Enrik Tenk
634,Andras M Kiss
635,Gabor Solymosi
636,Mohammad Al Asaal
637,Dave Fernandez
638,Justin Espinosa
639,Mark Tiu
640,Phone Myint Kyaw
641,Hsu Jui-an
642,Alberto Damico
643,Nickolay Vlashev
644,Mike Giurleo
645,Cosimo Esposito
646,Danilo Bruni
647,Mihai Robert Braga
648,Daniel Leon
649,Nicolae Berendea
650,Jason Williams
651,Stevan Radenkovic
652,Mircea Popa
653,Vincent Gomez
654,Hosain Sayeem
655,Cyriel Ledoux
656,Cristi Cristoiu
657,Adam Lewis
658,Gabriel Ciprian
659,Seiji Kuwajima
660,Eugene Villena
661,Gianluca Ascheri
662,Antonino Falduto
663,Michael DeLawder
664,Dalibor Nikolin
665,Dejan Stankovic
666,Kaan Duran
667,Hideaki Arita
668,Shannon Daulton
669,Giacomo Maria Amorati
670,Vegar Kristiansen
671,Hesam Abdulaziz
672,Michael Toohig
673,Emre Çelik
674,Jim Udischas
675,Tom Griffith
676,Antonakis George
677,Ham Won Sik
678,Damian Mancini
679,Arkadiusz Giernalczyk
680,Levent Kurtuluş
681,Slobodan Banjanac
682,Juan Lizana
683,Rene Peeters
684,Gabriel Roberto Gheorghita
685,Sakis Lainas
686,Tim De Ruyter
687,Kelii Chuberko
688,Joe Sinicropi
689,Murat Teker
690,Christian Götemann
691,Marian Apostol
692,Valentin Dinu
693,Ihab Hassan
694,Lu Hui Chan
695,Francisco Gatsby
696,Darko Ilic
697,Michal Czajkowski
698,Riccardo Sini
699,Markus Messingschlager
700,Tom Staveley
701,Patrick Griess
702,Bill Cote
703,Sinha Fahim
704,Marco Palmieri
705,Lương Chí Dũng
706,Teck Goh Chin
707,Justin Deon
708,Fu Jianbo
709,Mohammadali Pordel
710,Deomark Alpajora
711,Lee Jun-ho
712,Brian Parks
713,Rob Hart
714,Zoran Pucar
715,Do Hoang Quan
716,Tommy Kennedy
717,Hanni Al Howri
718,Gelu Zah
719,Davy de Lee
720,Bob Cunningham
721,Hoa Nguyen
722,Gabi Gosa
723,Abdullah Alenzi
724,Alen Cuarcero
725,Daniel Silva
726,Samantha Barrett
727,Stefan Sprangers
728,Ole-Tobias Gangflot
729,Johanna Vartiainen
730,Steven W Smith
731,Mhanaa al-Obaidly
732,Marius Blaj
733,Christoffer Lentz
734,Luca Nicoletti
735,Nicu Purcaru
736,Muzammil Hussain
737,Nick de Leon
738,Stefano Dellino
739,Gastaldi Guido
740,Christopher Lawson
741,Geoff Montgomery
742,Khalid Al Kamale
743,Hervis Hamid
744,Marco Vignola
745,Gwyn Spooner
746,Benji Buckley
747,Ali Koca
748,André Lackner
749,John Torres
750,Jon Demet
751,Peter Busarac
752,Shannon Ducharme
753,Pedro Botta
754,Savga Serghei
755,Cole Gibbons
756,Milos Verkic
757,Alexandru Pitea
758,Aung Moe Thu
759,Hector Saez
760,Adrian Weiss
761,Piotr Likowski
762,Sean C Morgan
763,Scott Frost
764,Takhti Zarekani
765,Kosuke Tojo
766,Ibrahim Al Khadar
767,A Greenwood
768,Yasin Kartal
769,John Moody Sr
770,Hasan Zeraatgar
771,Willie Oney
772,Ole Kristian Rudshavn
773,Thomas Tokoph
774,Mihai Alexandru
775,Jorge Garcia-Fonseca
776,Chris Braiman
777,Vahdet Emre Varlik
778,Ritchie Ogawa
779,Fahad S. Al Barak
780,Ion Chiverega
781,Yvonne Ullmann-Hybler
782,John Chapman
783,Mark Showalter
784,Paul Duell
785,Claudiu Groapa
786,Jan Wolf
787,Tom Teriault
788,Dmytro Skorokhodov
789,Basem Aboud
790,Roberto Maione
791,Vasileios Zoidis
792,Eugen Leonte
793,Maxime Villeneuve
794,Steve Motilal
795,Mark Foster
796,Aleksandar Filipovi?
797,Rob Staskowski
798,Del Amo Hector
799,Paul Juarez
800,Nick Antonakos
801,Hasan Idan
802,Tudor Spulber
803,Gentjan Lengu
804,Sami Koylu
805,Clint Palaci
806,Robert Ferry
807,Rodolfo Luat
808,Francesco Garzia
809,Mahmut Sami Koylu
810,Wim Scrayen
811,Kim Davenport
812,Jorge Llanos
813,Shahbaz Adil Khan
814,Jamal Oussi
815,Toan Nguyen
816,Radulescu Dragos
817,Vlad Adrian Moscalu
818,Birtan Canöz
819,Robert Goddard
820,Mohamed Elmola
821,Mohammad Soufi
822,Giannis Dimitrakis
823,Aoki Ryoji
824,Daniel Pleunik
825,Jeremiah Naidoo
826,Marc CodinaLlonch
827,Khaled Farag
828,Jason McClain
829,Amir Rota
830,Khalid Yousuf
831,Erwin Artels
832,Jorg Kellner
833,Ahmed Nizam Uddin
834,Jovan Babovic
835,Rajandran Nair
836,Adam Profitt
837,Bryan Farah
838,Bruno Bernardo
839,Roland Stock
840,Martin Kramer
841,Mohammad Sharif
842,Chris Patient
843,Bader al-Hamdan
844,Justin Muller
845,Elise Qiu
846,Michael Hutcheson
847,Sameer al-Madhi
848,Bogdan Sacal
849,Alessandro Giordani
850,Khaled al-Mutairi
851,Brent Boemmels
852,Yorben Vervondel
853,Maican Raul
854,Randy Labonte
855,Roman Schleiner
856,Stefanel Nelu Boaca
857,Joe Klimchak
858,Stefan Gruber
859,Abas Ali
860,Carlo Castro
861,Dan Simoneau
862,Stephen Defrasnes
863,Thorsten Bonke
864,Jim Romanowski
865,Mike Stalk
866,Kelly Fisher
867,Fahad al-Jassas
868,Jay Goyer
869,Iurie Betivu
870,Dinca Steriu
871,Mohammed Ali N Al Eid
872,Mike Nicoloro
873,Galgau Daniel
874,Alexandru Chiriac
875,Sebastian Mihai Ionita
876,Karl Gnadenberg
877,Raphael Dabreo
878,Volosciuc Corneliu
879,John Moody
880,Cristian Barto?
881,Enrico Falappa
882,Fahad Khalaf
883,Johann Dominik Huber
884,Phil Harju
885,Alan Cuartero
886,Jerry Crowe
887,Aleksi Almasia
888,Osama Anga
889,Mohamed Elraousti
890,Frank Gaetani
891,Raileanu Silviu
892,Marco Penta
893,Nick Varner
894,Javier DelSanto-Sanz
895,Carol Skowersui
896,Steven Lingafelter
897,Mohd. Bewi Simanjuntak
898,Madalina Ciocan
899,Abdullah Karmastaji
900,Justin Sajich
901,Ryan Dacko
902,Jochen Kluge
903,Gal Frank
904,Fahad al-Hejeli
905,Dale Kimmett
906,Amer Al-Darbani
907,Frank Alvarez
908,Mark Creamer
909,Sayeem Hossain
910,Abdulla a. Al Daham
911,Frank Waerlop
912,Lida Mullendore
913,Razvan Antohi
914,Florijan Maric
915,Vladica Brkovic
916,Vincent Halliday
917,Tao Ying Duo
918,Jed Jecen
919,Marius Vacarus
920,Fayaz Hussain
921,Johan Pale
922,Mohamed Shareef
923,Gener Amet
924,Marcel Stecher
925,Mohd. A. Al Harthi
926,Kacper Kielmans
927,Zoran Krstic
928,Cristian Munteanu
929,Abdul Aziz Alawadhi
930,Brendon Bekteshi
931,Hichem Benaissa
932,Fred Gokey
933,Darko Stankovi?
934,Panos Petmezas
935,Brian Trinci
936,Alberto Ferrara
937,Marcus Westen
938,Danny Harriman
939,Zine el-Abidine Cherif
940,Riyan Setiawan
941,Rob Saez
942,Dustin Dixon
943,Torsten Schmitt
944,Ahmed Aleqaly
945,Johno McDowell Pakieto
946,Zapryan Zapryanov
947,Jalba Gabriel
948,Luca Montanari
949,Russ Randall
950,Tomoki Mekari
951,Michael Pruitt
952,Melinda Huang
953,Molrudee Kasemchaiyanan
954,Gary Urinoski
955,Abdullah Mohammed
956,Allen Hopkins
957,Martin Kempter
958,Farhat Bouchaib
959,Alaa Bata
960,Xue Zhenqi
961,Aleksandar Bogicevic
962,Jeffrey Jimenez
963,Roberto Brillantes
964,Robert Hewings
965,Nizar Mosbah Tamimi
966,Hassan Shafraz
967,Henrik Larsson
968,Razvan Florea
969,Kang Lee
970,Ion Marian Tudorache
971,Tyler Fleshman
972,M Perhach
973,Patrick Adam
974,Piotr Haraszczuk
975,Thomas Welle
976,Ralf Mrnka
977,Joe Ziegler
978,Max Henning
979,Caneda Villamor
980,Mario Toader
981,Panagiotis Atmatzoglou
982,Kong Bu Hong
983,Ken Kuwana
984,Albert Stensrod
985,Rodrigo Matias
986,Mohamed al-Hosani
987,Aleksandar Petrovic
988,Holger Gries
989,Larry Phlegar
990,Damian Pongpanki
991,Matjaz Erculj
992,Brenden Croft
993,Jim Chawki
994,Armin Mahmoudi
995,Gabriel Sera
996,Stanley Walton
997,Louis Ulrich
998,Heck Helmut
999,Ali Hussein Ali
1000,Fran Palacios
1001,Steve Heeb
1002,Brittany Bryant
1003,Michele Bianchini
1004,Ellis Brown
1005,Matteo Angelini
1006,Larry Nevel
1007,Dharminder Lilly
1008,Renato Camantigue
1009,Arnar Petersen
1010,Luis Guerrero
1011,Jamie Addessi
1012,Sonia Simionov
1013,Ionut Chicomban
1014,Abdullah Falah
1015,Mohamed el-Raousti
1016,Nick Dierckx
1017,Mohannad al-Ghumayz
1018,Iulian Dragne
1019,Ip Tung Pong
1020,Emilio-Jofre Domenech
1021,Jang Moonseok
1022,Roderick Malone
1023,Alexandru Tintaru
1024,Katsuyuki Yamamoto
1025,James Davee
1026,Edgie Geronimo
1027,Motti Ben Simoin
1028,Steve Fleming
1029,Mohd. H. Al Hosani
1030,Liviu Chiritoiu
1031,Tom Gildea
1032,Hashim Ahusanu
1033,Francois Ellis
1034,Chad Rhodes
1035,Evgeniy Genchev
1036,Abdulla al-Yousif
1037,Nicole Fleming
1038,Balasica Cristian
1039,Ben Judge
1040,Grachev Artur
1041,The Kien Do
1042,Giallourakis Damianos
1043,Victor Toma
1044,Steve Van Ness
1045,Taher Hussain
1046,Evren Kaya
1047,Himanshu Jain
1048,John Scmidt
1049,Max Reyes
1050,Jason Hitzfeld
1051,Michael Huetter
1052,James Georgiadis
1053,Kazuki Nishimura
1054,Ruben Alves
1055,Giorgi Gogishvili
1056,Mohammad al-Kashawi
1057,Aayush Kumar
1058,Voiculescu Ciprian
1059,Karar Abdulwahed
1060,Max Adams
1061,Tal Frank
1062,Steve Lingelbach
1063,Bogdan Gabriel Toma
1064,Lynn Pijpers
1065,Wael Tallat
1066,Nicolas Ottermann
1067,Mike Madamba
1068,Jimmy Worung
1069,Tahsin Kaplan
1070,Ameer Ali
1071,Koh Yong Lee Randolph
1072,Miquel Canillas
1073,Aurelian Apostol
1074,Hussain Jaffer
1075,Flaviu Cristian Hernea
1076,Heinz Kuenzel
1077,Kenny Loftis
1078,Jonny Martinez
1079,Michael Schneider
1080,David Avakiani
1081,Mohammad al-Amin
1082,Ielchici Iasmin
1083,Mohammed Alkhashawi
1084,Dave Shlemperis
1085,Lorenzo Giordani
1086,Preda Robert Alexandru
1087,Adam King
1088,Michal Turkowski
1089,Patrizio Nuti
1090,Hector  Fernandez Brid
1091,Ed San Soucie
1092,Manuel Chau
1093,Ron Williams
1094,Alexandru Marcoci
1095,Khalid Alghamdi
1096,Maxwell Johnson
1097,Han Yu
1098,Ron Hawes
1099,Cristopher Tevez Ocamp
1100,Marlon Villamor
1101,Deo Alpajora
1102,Fahad Salem N Alharbi
1103,Richie Orem
1104,Steve Ho Lem
1105,Jamie White
1106,Chris Compton
1107,Stephen Webber
1108,Martin Wragg
1109,Hwang Yong
1110,Khanh Hoang Nguyen
1111,Soheil Vahedi
1112,Tony Robles
1113,Andrea Klasovic
1114,Tony Crosby
1115,Michael Evans
1116,Shane McMinn
1117,Alecu Albert
1118,Bogdan Alin Stoian
1119,Keith Yip
1120,Mee Warren
1121,Aki Heiskanen
1122,Kim Ga Young
1123,Ahmad Taufiq Murni
1124,Matt Reed
1125,Jason Kirkwood
1126,Rob Metz Jr
1127,Andrew Wroblewski
1128,Ang Tuan Nguyen
1129,Phi Le
1130,Shannon Murphy
1131,Tom Karabotsos
1132,Alex Lely
1133,Kristina Tkach
1134,Chris Orme
1135,Mark Antony
1136,Marlon Caneda
1137,Randy Camantigue
1138,Juan Longoria Jr
1139,Chad Sholders
1140,Alex Borukhovich
1141,Le Quang Trun
1142,Takashi Uraoka
1143,Ray Feliciano
1144,Vincent Facquet
1145,Hugo Duivenvoorden
1146,David Yonan
1147,Craig Hauck
1148,Dave Grau
1149,Ivica Putnik
1150,Evgeni Novosad
1151,Elvis Calasang
1152,Angel Gabriel Acosta
1153,Khaled Al Otaibi
1154,Phillip Tieu
1155,Kengo Suzuki
1156,RJ Carmona
1157,Ryoji Hori
1158,Gindac Ciprian Gabriel
1159,Joey Chin
1160,Chistian Coffey
1161,Raed Shabib
1162,Jesse Engel
1163,Reymart Lin
1164,James Conn
1165,Nicholas Devries
1166,Ramon Mistica
1167,Luke Rollison
1168,Bu Hong Kong
1169,Mike Davis
1170,Nikos Milaj
1171,Sascha-Andrej Tege
